<?xml version="1.0"?>
<doc>
    <assembly>
        <name>Microsoft.Azure.Devices.Provisioning.Security.Tpm</name>
    </assembly>
    <members>
        <member name="F:Microsoft.Azure.Devices.Shared.Logging.Log">
            <summary>The single event source instance to use for all logging.</summary>
        </member>
        <member name="M:Microsoft.Azure.Devices.Shared.Logging.Enter(System.Object,System.FormattableString,System.String)">
            <summary>Logs entrance to a method.</summary>
            <param name="thisOrContextObject">`this`, or another object that serves to provide context for the operation.</param>
            <param name="formattableString">A description of the entrance, including any arguments to the call.</param>
            <param name="memberName">The calling member.</param>
        </member>
        <member name="M:Microsoft.Azure.Devices.Shared.Logging.Enter(System.Object,System.Object,System.String)">
            <summary>Logs entrance to a method.</summary>
            <param name="thisOrContextObject">`this`, or another object that serves to provide context for the operation.</param>
            <param name="arg0">The object to log.</param>
            <param name="memberName">The calling member.</param>
        </member>
        <member name="M:Microsoft.Azure.Devices.Shared.Logging.Enter(System.Object,System.Object,System.Object,System.String)">
            <summary>Logs entrance to a method.</summary>
            <param name="thisOrContextObject">`this`, or another object that serves to provide context for the operation.</param>
            <param name="arg0">The first object to log.</param>
            <param name="arg1">The second object to log.</param>
            <param name="memberName">The calling member.</param>
        </member>
        <member name="M:Microsoft.Azure.Devices.Shared.Logging.Enter(System.Object,System.Object,System.Object,System.Object,System.String)">
            <summary>Logs entrance to a method.</summary>
            <param name="thisOrContextObject">`this`, or another object that serves to provide context for the operation.</param>
            <param name="arg0">The first object to log.</param>
            <param name="arg1">The second object to log.</param>
            <param name="arg2">The third object to log.</param>
            <param name="memberName">The calling member.</param>
        </member>
        <member name="M:Microsoft.Azure.Devices.Shared.Logging.Exit(System.Object,System.FormattableString,System.String)">
            <summary>Logs exit from a method.</summary>
            <param name="thisOrContextObject">`this`, or another object that serves to provide context for the operation.</param>
            <param name="formattableString">A description of the exit operation, including any return values.</param>
            <param name="memberName">The calling member.</param>
        </member>
        <member name="M:Microsoft.Azure.Devices.Shared.Logging.Exit(System.Object,System.Object,System.String)">
            <summary>Logs exit from a method.</summary>
            <param name="thisOrContextObject">`this`, or another object that serves to provide context for the operation.</param>
            <param name="arg0">A return value from the member.</param>
            <param name="memberName">The calling member.</param>
        </member>
        <member name="M:Microsoft.Azure.Devices.Shared.Logging.Exit(System.Object,System.Object,System.Object,System.String)">
            <summary>Logs exit from a method.</summary>
            <param name="thisOrContextObject">`this`, or another object that serves to provide context for the operation.</param>
            <param name="arg0">A return value from the member.</param>
            <param name="arg1">A second return value from the member.</param>
            <param name="memberName">The calling member.</param>
        </member>
        <member name="M:Microsoft.Azure.Devices.Shared.Logging.Info(System.Object,System.FormattableString,System.String)">
            <summary>Logs an information message.</summary>
            <param name="thisOrContextObject">`this`, or another object that serves to provide context for the operation.</param>
            <param name="formattableString">The message to be logged.</param>
            <param name="memberName">The calling member.</param>
        </member>
        <member name="M:Microsoft.Azure.Devices.Shared.Logging.Info(System.Object,System.Object,System.String)">
            <summary>Logs an information message.</summary>
            <param name="thisOrContextObject">`this`, or another object that serves to provide context for the operation.</param>
            <param name="message">The message to be logged.</param>
            <param name="memberName">The calling member.</param>
        </member>
        <member name="M:Microsoft.Azure.Devices.Shared.Logging.Error(System.Object,System.FormattableString,System.String)">
            <summary>Logs an error message.</summary>
            <param name="thisOrContextObject">`this`, or another object that serves to provide context for the operation.</param>
            <param name="formattableString">The message to be logged.</param>
            <param name="memberName">The calling member.</param>
        </member>
        <member name="M:Microsoft.Azure.Devices.Shared.Logging.Error(System.Object,System.Object,System.String)">
            <summary>Logs an error message.</summary>
            <param name="thisOrContextObject">`this`, or another object that serves to provide context for the operation.</param>
            <param name="message">The message to be logged.</param>
            <param name="memberName">The calling member.</param>
        </member>
        <member name="M:Microsoft.Azure.Devices.Shared.Logging.Fail(System.Object,System.FormattableString,System.String)">
            <summary>Logs a fatal error and raises an assert.</summary>
            <param name="thisOrContextObject">`this`, or another object that serves to provide context for the operation.</param>
            <param name="formattableString">The message to be logged.</param>
            <param name="memberName">The calling member.</param>
        </member>
        <member name="M:Microsoft.Azure.Devices.Shared.Logging.Fail(System.Object,System.Object,System.String)">
            <summary>Logs a fatal error and raises an assert.</summary>
            <param name="thisOrContextObject">`this`, or another object that serves to provide context for the operation.</param>
            <param name="message">The message to be logged.</param>
            <param name="memberName">The calling member.</param>
        </member>
        <member name="M:Microsoft.Azure.Devices.Shared.Logging.DumpBuffer(System.Object,System.Byte[],System.String)">
            <summary>Logs the contents of a buffer.</summary>
            <param name="thisOrContextObject">`this`, or another object that serves to provide context for the operation.</param>
            <param name="buffer">The buffer to be logged.</param>
            <param name="memberName">The calling member.</param>
        </member>
        <member name="M:Microsoft.Azure.Devices.Shared.Logging.DumpBuffer(System.Object,System.Byte[],System.Int32,System.Int32,System.String)">
            <summary>Logs the contents of a buffer.</summary>
            <param name="thisOrContextObject">`this`, or another object that serves to provide context for the operation.</param>
            <param name="buffer">The buffer to be logged.</param>
            <param name="offset">The starting offset from which to log.</param>
            <param name="count">The number of bytes to log.</param>
            <param name="memberName">The calling member.</param>
        </member>
        <member name="M:Microsoft.Azure.Devices.Shared.Logging.DumpBuffer(System.Object,System.IntPtr,System.Int32,System.String)">
            <summary>Logs the contents of a buffer.</summary>
            <param name="thisOrContextObject">`this`, or another object that serves to provide context for the operation.</param>
            <param name="bufferPtr">The starting location of the buffer to be logged.</param>
            <param name="count">The number of bytes to log.</param>
            <param name="memberName">The calling member.</param>
        </member>
        <member name="M:Microsoft.Azure.Devices.Shared.Logging.Associate(System.Object,System.Object,System.String)">
            <summary>Logs a relationship between two objects.</summary>
            <param name="first">The first object.</param>
            <param name="second">The second object.</param>
            <param name="memberName">The calling member.</param>
        </member>
        <member name="M:Microsoft.Azure.Devices.Shared.Logging.Associate(System.Object,System.Object,System.Object,System.String)">
            <summary>Logs a relationship between two objects.</summary>
            <param name="thisOrContextObject">`this`, or another object that serves to provide context for the operation.</param>
            <param name="first">The first object.</param>
            <param name="second">The second object.</param>
            <param name="memberName">The calling member.</param>
        </member>
        <member name="T:Microsoft.Azure.Devices.Provisioning.Security.SecurityProviderTpmHsm">
            <summary>
            The Provisioning Security Client implementation for TPM.
            </summary>
        </member>
        <member name="M:Microsoft.Azure.Devices.Provisioning.Security.SecurityProviderTpmHsm.#ctor(System.String)">
            <summary>
            Initializes a new instance of the SecurityProviderTpmHsm class using the system TPM.
            </summary>
            <param name="registrationId">The Device Provisioning Service Registration ID.</param>
        </member>
        <member name="M:Microsoft.Azure.Devices.Provisioning.Security.SecurityProviderTpmHsm.#ctor(System.String,Tpm2Lib.Tpm2Device)">
            <summary>
            Initializes a new instance of the SecurityProviderTpmHsm class using the specified TPM module.
            </summary>
            <param name="registrationId">The Device Provisioning Service Registration ID.</param>
            <param name="tpm">The TPM device.</param>
        </member>
        <member name="M:Microsoft.Azure.Devices.Provisioning.Security.SecurityProviderTpmHsm.ActivateIdentityKey(System.Byte[])">
            <summary>
            Activates an identity key within the TPM device.
            </summary>
            <param name="encryptedKey">The encrypted identity key.</param>
        </member>
        <member name="M:Microsoft.Azure.Devices.Provisioning.Security.SecurityProviderTpmHsm.GetEndorsementKey">
            <summary>
            Gets the Base64 encoded EndorsmentKey.
            </summary>
            <returns>Base64 encoded EK.</returns>
        </member>
        <member name="M:Microsoft.Azure.Devices.Provisioning.Security.SecurityProviderTpmHsm.GetStorageRootKey">
            <summary>
            Gets the Base64 encoded StorageRootKey.
            </summary>
            <returns>Base64 encoded SRK.</returns>
        </member>
        <member name="M:Microsoft.Azure.Devices.Provisioning.Security.SecurityProviderTpmHsm.Sign(System.Byte[])">
            <summary>
            Signs the data using the previously activated identity key.
            </summary>
            <param name="data">The data to be signed.</param>
            <returns>The signed data.</returns>
        </member>
        <member name="M:Microsoft.Azure.Devices.Provisioning.Security.SecurityProviderTpmHsm.Dispose(System.Boolean)">
            <summary>
            Releases the unmanaged resources used by the SecurityProviderTpmHsm and optionally disposes of the managed resources.
            </summary>
            <param name="disposing">true to release both managed and unmanaged resources; false to releases only unmanaged resources.</param>
        </member>
    </members>
</doc>
