<?xml version="1.0"?>
<doc>
    <assembly>
        <name>Microsoft.Azure.Devices.Shared</name>
    </assembly>
    <members>
        <member name="T:Microsoft.Azure.Devices.AuthenticationType">
            <summary>
            Used to specify the authentication type used by a device.
            </summary>
        </member>
        <member name="F:Microsoft.Azure.Devices.AuthenticationType.Sas">
            <summary>
            Shared Access Key
            </summary>
        </member>
        <member name="F:Microsoft.Azure.Devices.AuthenticationType.SelfSigned">
            <summary>
            Self-signed certificate
            </summary>
        </member>
        <member name="F:Microsoft.Azure.Devices.AuthenticationType.CertificateAuthority">
            <summary>
            Certificate Authority
            </summary>
        </member>
        <member name="T:Microsoft.Azure.Devices.DeviceConnectionState">
            <summary>
            Specifies the different connection states of a device.
            </summary>
        </member>
        <member name="F:Microsoft.Azure.Devices.DeviceConnectionState.Disconnected">
            <summary>
            Represents a <see cref="!:Microsoft.Azure.Devices.Device"/> in the Disconnected state
            </summary>
        </member>
        <member name="F:Microsoft.Azure.Devices.DeviceConnectionState.Connected">
            <summary>
            Represents a <see cref="!:Microsoft.Azure.Devices.Device"/> in the Connected state
            </summary>
        </member>
        <member name="T:Microsoft.Azure.Devices.DeviceStatus">
            <summary>
            Specifies the different states of a device.
            </summary>
        </member>
        <member name="F:Microsoft.Azure.Devices.DeviceStatus.Enabled">
            <summary>
            Indicates that a Device is enabled
            </summary>
        </member>
        <member name="F:Microsoft.Azure.Devices.DeviceStatus.Disabled">
            <summary>
            Indicates that a Device is disabled
            </summary>
        </member>
        <member name="T:Microsoft.Azure.Devices.Shared.ETagHolder">
            <summary>
            ETag Holder.
            </summary>
        </member>
        <member name="P:Microsoft.Azure.Devices.Shared.ETagHolder.ETag">
            <summary>
            ETag value.
            </summary>
        </member>
        <member name="T:Microsoft.Azure.Devices.Shared.IETagHolder">
            <summary>
            ETag Holder Interface
            </summary>
        </member>
        <member name="P:Microsoft.Azure.Devices.Shared.IETagHolder.ETag">
            <summary>
            ETag value
            </summary>
        </member>
        <member name="T:Microsoft.Azure.Devices.Shared.Metadata">
            <summary>
            <see cref="T:Microsoft.Azure.Devices.Shared.Metadata"/> for properties in <see cref="T:Microsoft.Azure.Devices.Shared.TwinCollection"/>
            </summary>
        </member>
        <member name="M:Microsoft.Azure.Devices.Shared.Metadata.#ctor(System.DateTime,System.Nullable{System.Int64})">
            <summary>
            Initializes a new instance of <see cref="T:Microsoft.Azure.Devices.Shared.Metadata"/>
            </summary>
            <param name="lastUpdated"></param>
            <param name="lastUpdatedVersion"></param>
        </member>
        <member name="P:Microsoft.Azure.Devices.Shared.Metadata.LastUpdated">
            <summary>
            Time when a property was last updated
            </summary>
        </member>
        <member name="P:Microsoft.Azure.Devices.Shared.Metadata.LastUpdatedVersion">
            <remarks>
            This SHOULD be null for Reported properties metadata and MUST not be null for Desired properties metadata.
            </remarks>
        </member>
        <member name="T:Microsoft.Azure.Devices.Shared.Twin">
            <summary>
            Twin Representation
            </summary>
        </member>
        <member name="M:Microsoft.Azure.Devices.Shared.Twin.#ctor">
            <summary>
            Creates an instance of <see cref="T:Microsoft.Azure.Devices.Shared.Twin"/>
            </summary>
        </member>
        <member name="M:Microsoft.Azure.Devices.Shared.Twin.#ctor(System.String)">
            <summary>
            Creates an instance of <see cref="T:Microsoft.Azure.Devices.Shared.Twin"/>
            </summary>
            <param name="deviceId">Device Id</param>
        </member>
        <member name="P:Microsoft.Azure.Devices.Shared.Twin.DeviceId">
            <summary>
            Gets and sets the <see cref="T:Microsoft.Azure.Devices.Shared.Twin"/> Id.
            </summary>
        </member>
        <member name="P:Microsoft.Azure.Devices.Shared.Twin.Tags">
            <summary>
            Gets and sets the <see cref="T:Microsoft.Azure.Devices.Shared.Twin"/> tags.
            </summary>
        </member>
        <member name="P:Microsoft.Azure.Devices.Shared.Twin.Properties">
            <summary>
            Gets and sets the <see cref="T:Microsoft.Azure.Devices.Shared.Twin"/> properties.
            </summary>
        </member>
        <member name="P:Microsoft.Azure.Devices.Shared.Twin.ETag">
            <summary>
            Twin's ETag
            </summary>
        </member>
        <member name="P:Microsoft.Azure.Devices.Shared.Twin.Version">
            <summary>
            Twin's Version
            </summary>
        </member>
        <member name="P:Microsoft.Azure.Devices.Shared.Twin.Status">
            <summary>
            Gets the corresponding Device's Status.
            </summary>
        </member>
        <member name="P:Microsoft.Azure.Devices.Shared.Twin.StatusReason">
            <summary>
            Reason, if any, for the corresponding Device to be in specified <see cref="P:Microsoft.Azure.Devices.Shared.Twin.Status"/>
            </summary>
        </member>
        <member name="P:Microsoft.Azure.Devices.Shared.Twin.StatusUpdatedTime">
            <summary>
            Time when the corresponding Device's <see cref="P:Microsoft.Azure.Devices.Shared.Twin.Status"/> was last updated
            </summary>
        </member>
        <member name="P:Microsoft.Azure.Devices.Shared.Twin.ConnectionState">
            <summary>
            Corresponding Device's ConnectionState
            </summary>
        </member>
        <member name="P:Microsoft.Azure.Devices.Shared.Twin.LastActivityTime">
            <summary>
            Time when the corresponding Device was last active
            </summary>
        </member>
        <member name="P:Microsoft.Azure.Devices.Shared.Twin.CloudToDeviceMessageCount">
            <summary>
            Number of messages sent to the corresponding Device from the Cloud
            </summary>
        </member>
        <member name="P:Microsoft.Azure.Devices.Shared.Twin.AuthenticationType">
            <summary>
            Corresponding Device's authentication type
            </summary>
        </member>
        <member name="P:Microsoft.Azure.Devices.Shared.Twin.X509Thumbprint">
            <summary>
            Corresponding Device's X509 thumbprint
            </summary>
        </member>
        <member name="M:Microsoft.Azure.Devices.Shared.Twin.ToJson(Newtonsoft.Json.Formatting)">
            <summary>
            Gets the Twin as a JSON string
            </summary>
            <param name="formatting">Optional. Formatting for the output JSON string.</param>
            <returns>JSON string</returns>
        </member>
        <member name="T:Microsoft.Azure.Devices.Shared.TwinCollection">
            <summary>
            Represents a collection of properties for <see cref="T:Microsoft.Azure.Devices.Shared.Twin"/>
            </summary>
        </member>
        <member name="M:Microsoft.Azure.Devices.Shared.TwinCollection.#ctor">
            <summary>
            Creates instance of <see cref="T:Microsoft.Azure.Devices.Shared.TwinCollection"/>.
            </summary>
        </member>
        <member name="M:Microsoft.Azure.Devices.Shared.TwinCollection.#ctor(System.String)">
            <summary>
            Creates a <see cref="T:Microsoft.Azure.Devices.Shared.TwinCollection"/> using a JSON fragment as the body.
            </summary>
            <param name="twinJson">JSON fragment containing the twin data.</param>
        </member>
        <member name="M:Microsoft.Azure.Devices.Shared.TwinCollection.#ctor(System.String,System.String)">
            <summary>
            Creates a <see cref="T:Microsoft.Azure.Devices.Shared.TwinCollection"/> using the given JSON fragments for the body and metadata.
            </summary>
            <param name="twinJson">JSON fragment containing the twin data.</param>
            <param name="metadataJson">JSON fragment containing the metadata.</param>
        </member>
        <member name="M:Microsoft.Azure.Devices.Shared.TwinCollection.#ctor(Newtonsoft.Json.Linq.JObject)">
            <summary>
            Creates a <see cref="T:Microsoft.Azure.Devices.Shared.TwinCollection"/> using a JSON fragment as the body.
            </summary>
            <param name="twinJson">JSON fragment containing the twin data.</param>
        </member>
        <member name="M:Microsoft.Azure.Devices.Shared.TwinCollection.#ctor(Newtonsoft.Json.Linq.JObject,Newtonsoft.Json.Linq.JObject)">
            <summary>
            Creates a <see cref="T:Microsoft.Azure.Devices.Shared.TwinCollection"/> using the given JSON fragments for the body and metadata.
            </summary>
            <param name="twinJson">JSON fragment containing the twin data.</param>
            <param name="metadataJson">JSON fragment containing the metadata.</param>
        </member>
        <member name="P:Microsoft.Azure.Devices.Shared.TwinCollection.Version">
            <summary>
            Gets the version of the <see cref="T:Microsoft.Azure.Devices.Shared.TwinCollection"/>
            </summary>
        </member>
        <member name="P:Microsoft.Azure.Devices.Shared.TwinCollection.Count">
            <summary>
            Gets the count of properties in the Collection
            </summary>
        </member>
        <member name="P:Microsoft.Azure.Devices.Shared.TwinCollection.Item(System.String)">
            <summary>
            Property Indexer
            </summary>
            <param name="propertyName">Name of the property to get</param>
            <returns>Value for the given proprety name</returns>
        </member>
        <member name="M:Microsoft.Azure.Devices.Shared.TwinCollection.ToString">
            <inheritdoc />
        </member>
        <member name="M:Microsoft.Azure.Devices.Shared.TwinCollection.GetMetadata">
            <summary>
            Gets the Metadata for this property
            </summary>
            <returns>Metadata instance representing the metadata for this property</returns>
        </member>
        <member name="M:Microsoft.Azure.Devices.Shared.TwinCollection.GetLastUpdated">
            <summary>
            Gets the LastUpdated time for this property
            </summary>
            <returns>DateTime instance representing the LastUpdated time for this property</returns>
        </member>
        <member name="M:Microsoft.Azure.Devices.Shared.TwinCollection.GetLastUpdatedVersion">
            <summary>
            Gets the LastUpdatedVersion for this property
            </summary>
            <returns>LastUpdatdVersion if present, null otherwise</returns>
        </member>
        <member name="M:Microsoft.Azure.Devices.Shared.TwinCollection.ToJson(Newtonsoft.Json.Formatting)">
            <summary>
            Gets the TwinProperties as a JSON string
            </summary>
            <param name="formatting">Optional. Formatting for the output JSON string.</param>
            <returns>JSON string</returns>
        </member>
        <member name="M:Microsoft.Azure.Devices.Shared.TwinCollection.Contains(System.String)">
            <summary>
            Determines whether the specified property is present
            </summary>
            <param name="propertyName">The property to locate</param>
            <returns>true if the specified property is present; otherwise, false</returns>
        </member>
        <member name="M:Microsoft.Azure.Devices.Shared.TwinCollection.GetEnumerator">
            <inheritdoc />
        </member>
        <member name="M:Microsoft.Azure.Devices.Shared.TwinCollection.ClearMetadata">
            <summary>
            Clear metadata out of the collection
            </summary>
        </member>
        <member name="T:Microsoft.Azure.Devices.Shared.TwinCollectionValue">
            <summary>
            Represents a property value in <see cref="T:Microsoft.Azure.Devices.Shared.TwinCollection"/>
            </summary>
        </member>
        <member name="P:Microsoft.Azure.Devices.Shared.TwinCollectionValue.Item(System.String)">
            <summary>
            Gets the value for the given property name
            </summary>
            <param name="propertyName">Property Name to lookup</param>
            <returns>Value if present</returns>
        </member>
        <member name="M:Microsoft.Azure.Devices.Shared.TwinCollectionValue.GetMetadata">
            <summary>
            Gets the Metadata for this property
            </summary>
            <returns>Metadata instance representing the metadata for this property</returns>
        </member>
        <member name="M:Microsoft.Azure.Devices.Shared.TwinCollectionValue.GetLastUpdated">
            <summary>
            Gets the LastUpdated time for this property
            </summary>
            <returns>DateTime instance representing the LastUpdated time for this property</returns>
        </member>
        <member name="M:Microsoft.Azure.Devices.Shared.TwinCollectionValue.GetLastUpdatedVersion">
            <summary>
            Gets the LastUpdatedVersion for this property
            </summary>
            <returns>LastUpdatdVersion if present, null otherwise</returns>
        </member>
        <member name="T:Microsoft.Azure.Devices.Shared.TwinJsonConverter">
            <summary>
            Converts <see cref="T:Microsoft.Azure.Devices.Shared.Twin"/> to Json
            </summary>
        </member>
        <member name="M:Microsoft.Azure.Devices.Shared.TwinJsonConverter.WriteJson(Newtonsoft.Json.JsonWriter,System.Object,Newtonsoft.Json.JsonSerializer)">
            <summary>
            Converts <see cref="T:Microsoft.Azure.Devices.Shared.Twin"/> to its equivalent Json representation.
            </summary>
            <param name="writer">the Json writer.</param>
            <param name="value">the <see cref="T:Microsoft.Azure.Devices.Shared.Twin"/> to convert.</param>
            <param name="serializer">the Json serializer.</param>
        </member>
        <member name="M:Microsoft.Azure.Devices.Shared.TwinJsonConverter.ReadJson(Newtonsoft.Json.JsonReader,System.Type,System.Object,Newtonsoft.Json.JsonSerializer)">
            <summary>
            Converts Json to its equivalent <see cref="T:Microsoft.Azure.Devices.Shared.Twin"/> representation.
            </summary>
            <param name="reader">the Json reader.</param>
            <param name="objectType">object type</param>
            <param name="existingValue">exisiting value</param>
            <param name="serializer">the Json serializer.</param>
        </member>
        <member name="P:Microsoft.Azure.Devices.Shared.TwinJsonConverter.CanRead">
            <summary>
            Converter Can Read flag
            </summary>
        </member>
        <member name="P:Microsoft.Azure.Devices.Shared.TwinJsonConverter.CanWrite">
            <summary>
            Value indicating whether this TwinJsonConverter can read JSON
            </summary>
        </member>
        <member name="M:Microsoft.Azure.Devices.Shared.TwinJsonConverter.CanConvert(System.Type)">
            <summary>
            Value indicating whether this TwinJsonConverter can write JSON
            </summary>
        </member>
        <member name="T:Microsoft.Azure.Devices.Shared.TwinProperties">
            <summary>
            Represents <see cref="T:Microsoft.Azure.Devices.Shared.Twin"/> properties
            </summary>
        </member>
        <member name="M:Microsoft.Azure.Devices.Shared.TwinProperties.#ctor">
            <summary>
            Initializes a new instance of <see cref="T:Microsoft.Azure.Devices.Shared.TwinProperties"/>
            </summary>
        </member>
        <member name="P:Microsoft.Azure.Devices.Shared.TwinProperties.Desired">
            <summary>
            Gets and sets the <see cref="T:Microsoft.Azure.Devices.Shared.Twin"/> desired properties.
            </summary>
        </member>
        <member name="P:Microsoft.Azure.Devices.Shared.TwinProperties.Reported">
            <summary>
            Gets and sets the <see cref="T:Microsoft.Azure.Devices.Shared.Twin"/> reported properties.
            </summary>
        </member>
        <member name="T:Microsoft.Azure.Devices.Shared.SecurityProvider">
            <summary>
            The Security Provider used by ProvisioningDeviceClient for authentication.
            </summary>
        </member>
        <member name="M:Microsoft.Azure.Devices.Shared.SecurityProvider.GetRegistrationID">
            <summary>
            Gets the Registration ID used during device enrollment.
            </summary>
        </member>
        <member name="M:Microsoft.Azure.Devices.Shared.SecurityProvider.Dispose(System.Boolean)">
            <summary>
            Releases the unmanaged resources used by the SecurityProvider and optionally disposes of the managed resources.
            </summary>
            <param name="disposing">true to release both managed and unmanaged resources; false to releases only unmanaged resources.</param>
        </member>
        <member name="M:Microsoft.Azure.Devices.Shared.SecurityProvider.Dispose">
            <summary>
            Releases the unmanaged resources and disposes of the managed resources used by the invoker.
            </summary>
        </member>
        <member name="T:Microsoft.Azure.Devices.Shared.SecurityProviderTpm">
            <summary>
            The Device Security Provider interface for TPM Hardware Security Modules.
            </summary>
        </member>
        <member name="M:Microsoft.Azure.Devices.Shared.SecurityProviderTpm.#ctor(System.String)">
            <summary>
            Initializes a new instance of the SecurityProviderTpm class.
            </summary>
            <param name="registrationId">The Provisioning service Registration ID for this device.</param>
        </member>
        <member name="M:Microsoft.Azure.Devices.Shared.SecurityProviderTpm.GetRegistrationID">
            <summary>
            Gets the Registration ID used during device enrollment.
            </summary>
        </member>
        <member name="M:Microsoft.Azure.Devices.Shared.SecurityProviderTpm.GetEndorsementKey">
            <summary>
            Gets the Base64 encoded EndorsementKey.
            </summary>
            <returns>Base64 encoded EK.</returns>
        </member>
        <member name="M:Microsoft.Azure.Devices.Shared.SecurityProviderTpm.GetStorageRootKey">
            <summary>
            Gets the Base64 encoded StorageRootKey.
            </summary>
            <returns>Base64 encoded SRK.</returns>
        </member>
        <member name="M:Microsoft.Azure.Devices.Shared.SecurityProviderTpm.ActivateIdentityKey(System.Byte[])">
            <summary>
            Activates an identity key within the TPM device.
            </summary>
            <param name="encryptedKey">The encrypted identity key.</param>
        </member>
        <member name="M:Microsoft.Azure.Devices.Shared.SecurityProviderTpm.Sign(System.Byte[])">
            <summary>
            Signs the data using the previously activated identity key.
            </summary>
            <param name="data">The data to be signed.</param>
            <returns>The signed data.</returns>
        </member>
        <member name="T:Microsoft.Azure.Devices.Shared.SecurityProviderX509">
            <summary>
            The Device Security Provider interface for X.509-based Hardware Security Modules.
            </summary>
        </member>
        <member name="M:Microsoft.Azure.Devices.Shared.SecurityProviderX509.GetRegistrationID">
            <summary>
            Returns the RegistrationID.
            </summary>
            <returns>The RegistrationID.</returns>
        </member>
        <member name="M:Microsoft.Azure.Devices.Shared.SecurityProviderX509.GetAuthenticationCertificateChain">
            <summary>
            Gets the certificate trust chain that will end in the Trusted Root installed on the server side.
            </summary>
            <returns>The certificate chain.</returns>
        </member>
        <member name="M:Microsoft.Azure.Devices.Shared.SecurityProviderX509.GetAuthenticationCertificate">
            <summary>
            Gets the certificate used for TLS device authentication.
            </summary>
            <returns>The client certificate used during TLS communications.</returns>
        </member>
        <member name="T:Microsoft.Azure.Devices.Shared.SecurityProviderX509Certificate">
            <summary>
            The Device Security Client for X509 authentication using a certificate object.
            </summary>
        </member>
        <member name="M:Microsoft.Azure.Devices.Shared.SecurityProviderX509Certificate.#ctor(System.Security.Cryptography.X509Certificates.X509Certificate2,System.Security.Cryptography.X509Certificates.X509Certificate2Collection)">
            <summary>
            Initializes a new instance of the SecurityProviderX509Certificate class.
            </summary>
            <param name="clientCertificate">The client certificate used for authentication.</param>
            <param name="certificateChain">The certificate chain leading to the root certificate uploaded to the Provisioning service.</param>
        </member>
        <member name="M:Microsoft.Azure.Devices.Shared.SecurityProviderX509Certificate.GetAuthenticationCertificate">
            <summary>
            Gets the certificate trust chain that will end in the Trusted Root installed on the server side.
            </summary>
            <returns>The certificate chain.</returns>
        </member>
        <member name="M:Microsoft.Azure.Devices.Shared.SecurityProviderX509Certificate.GetAuthenticationCertificateChain">
            <summary>
            Gets the certificate used for TLS device authentication.
            </summary>
            <returns>The client certificate used during TLS communications.</returns>
        </member>
        <member name="M:Microsoft.Azure.Devices.Shared.SecurityProviderX509Certificate.Dispose(System.Boolean)">
            <summary>
            Releases the unmanaged resources used by the SecurityProviderX509Certificate and optionally disposes of the managed resources.
            </summary>
            <param name="disposing">true to release both managed and unmanaged resources; false to releases only unmanaged resources.</param>
        </member>
        <member name="T:Microsoft.Azure.Devices.Shared.TransportFallbackType">
            <summary>
            Defines the transport fall-back types for AMQP and MQTT.
            </summary>
        </member>
        <member name="F:Microsoft.Azure.Devices.Shared.TransportFallbackType.TcpWithWebSocketFallback">
            <summary>
            The transport will fall-back to corresponding websocket if tcp connection fails.
            </summary>
        </member>
        <member name="F:Microsoft.Azure.Devices.Shared.TransportFallbackType.WebSocketOnly">
            <summary>
            WebSocket only connection with no fall-back.
            </summary>
        </member>
        <member name="F:Microsoft.Azure.Devices.Shared.TransportFallbackType.TcpOnly">
            <summary>
            Tcp only connection with no fall-back.
            </summary>
        </member>
        <member name="T:Microsoft.Azure.Devices.X509Thumbprint">
            <summary>
            X509 client certificate thumbprints of the device
            </summary>
        </member>
        <member name="P:Microsoft.Azure.Devices.X509Thumbprint.PrimaryThumbprint">
            <summary>
            X509 client certificate primary thumbprint
            </summary>
        </member>
        <member name="P:Microsoft.Azure.Devices.X509Thumbprint.SecondaryThumbprint">
            <summary>
            X509 client certificate secondary thumbprint
            </summary>
        </member>
    </members>
</doc>
